{"openapi":"3.0.0","info":{"title":"Zoom QSS API","description":"QSS","termsOfService":"https://zoom.us/docs/en-us/zoom_api_license_and_tou.html","contact":{"name":"Zoom Developers","url":"https://developer.zoom.us/"},"version":"2"},"externalDocs":{"description":"Find out more about Swagger","url":"https://swagger.io"},"servers":[{"url":"https://api.zoom.us/v2"}],"paths":{"/metrics/meetings/{meetingId}/participants/qos_summary":{"get":{"tags":["Dashboards"],"summary":"List meeting participants QoS Summary","description":"Return a list of meeting participants from past meetings and the summary their quality of service received during the meeting. The data returned indicates the connection quality for sending or receiving video, audio, and shared content. \n\n**Note:** \n\nThis API may return empty values for participants' `user_name` and `email` responses when the account calling this API. \n* Does **not** have a signed HIPAA business associate agreement (BAA). \n* Is a [**legacy** HIPAA BAA account](https://developers.zoom.us/docs/api/rest/other-references/legacy-business-associate-agreements/). \n* Displays data for any users who are **not** part of the host's account (external users) unless they meet certain conditions. See [Email address display rules](https://developers.zoom.us/docs/api/rest/using-zoom-apis/#email-address-display-rules) for details. \n\n**Prerequisites:** \n* A Business or a higher plan. \n* Developers must subscribe to the QSS summary event to receive data from this API.\n\n**Scopes:** `dashboard_meetings:read:admin`,`dashboard:read:admin`\n\n**Granular Scopes:** `dashboard:read:list_meeting_participants_qos:admin`\n\n**[Rate Limit Label](https://marketplace.zoom.us/docs/api-reference/rate-limits#rate-limits):** `HEAVY`","operationId":"dashboardMeetingParticipantsQOSSummary","parameters":[{"name":"meetingId","in":"path","description":"The meeting's ID or universally unique ID (UUID). \n* If you provide a meeting ID, the API will return a response for the latest meeting instance. \n* If you provide a meeting UUID that begins with a `/` character or contains the `//` characters, you **must** double-encode the meeting UUID before making an API request.","required":true,"schema":{"type":"string"}},{"name":"page_size","in":"query","description":"The number of items returned per page.","required":false,"schema":{"maximum":10,"type":"integer","example":10,"default":1}},{"name":"next_page_token","in":"query","description":"Use the next page token to paginate through large result sets. A next page token is returned whenever the set of the available result list exceeds the page size. This token's expiration period is 15 minutes.","required":false,"schema":{"type":"string","example":"IAfJX3jsOLW7w3dokmFl84zOa0MAVGyMEB2"}}],"responses":{"200":{"description":"**HTTP Status Code:** `200`  \n \nMeeting qos summary returned.  \n \nOnly available for paid accounts that have enabled the dashboard feature.","content":{"application/json":{"schema":{"title":"Participant QOS Summary List","description":"Participant QOS Summary list.","allOf":[{"type":"object","properties":{"next_page_token":{"type":"string","description":"Use the next page token to paginate through large result sets. A next page token is returned whenever the set of the available result list exceeds the page size. This token's expiration period is 15 minutes.","example":"uBTK3NzNksdkuCUAQaFVFd86kyOr59zg4U2"},"page_size":{"maximum":300,"type":"integer","description":"The amount of records returns within a single API call. ","example":30,"default":30}},"description":"Pagination object."},{"type":"object","properties":{"participants":{"type":"array","description":"Information about the participant.","items":{"title":"Participant QOS Summary","type":"object","properties":{"id":{"type":"string","description":"The participant's universally unique ID. This value is the same as the participant's user ID if the participant joins the meeting by logging into Zoom. If the participant joins the meeting without logging into Zoom, this returns an empty value.","example":"zJKyaiAyTNC-MWjiWC18KQ"},"participant_id":{"type":"string","description":"The participant's ID. This value is assigned to a participant upon joining a meeting and is only valid for the meeting's duration.","example":"20161536"},"user_name":{"type":"string","description":"The participant's display name.","example":"jchill"},"email":{"type":"string","description":"The participant's email address. If the participant is **not** part of the host's account, this returns an empty string value, with some exceptions. See [Email address display rules](https://marketplace.zoom.us/docs/api-reference/using-zoom-apis#email-address) for details.","format":"email","example":"user@example.com"},"qos":{"type":"array","description":"The summary of participant's quality of service information.","items":{"type":"object","properties":{"type":{"type":"string","description":"The type of quality of service (QoS) metrics, from the point of view of the client. \n* `audio_input` - The QoS metrics for audio received by the client. \n* `audio_output` - The QoS metrics for audio sent by the client. \n* `video_input` - The QoS metrics for video input being received by the client. \n* `video_output` - The QoS metrics for video output being received by the client. \n* `as_input` - The QoS metrics for screen sharing by a participant. \n* `as_output` - The QoS metrics for screen sharing output received by a participant. \n* `cpu_usage` - The QoS metrics for cpu usage. \n* `audio_device_from_crc` - The QoS metrics for audio sent by a participant who joined the meeting via a Cloud Room Connector (CRC). \n* `audio_device_to_crc` - The QoS metrics for audio received by a participant who joined the meeting via CRC.\n* `video_device_from_crc` - The QoS metrics for video input being sent by a participant who joined the meeting via CRC.  \n* `video_device_to_crc` - The QoS metrics for video output being sent by a participant who joined the meeting via CRC.\n* `as_device_from_crc` - The QoS metrics for screen sharing by a participant who joined the meeting via CRC. \n* `as_device_to_crc` - The QoS metrics for screen sharing output received by a participant who joined the meeting via CRC.\n* `audio_device_from_rwg` - The QoS metrics for audio sent by a user who joined via the web gateway.\n* `audio_device_to_rwg` - The QoS metrics for audio received by a user who joined via the web gateway.\n* `video_device_from_rwg` - The QoS metrics for video sent by a user who joined via the web gateway.\n* `video_device_to_rwg` - The QoS metrics for video received by a user who joined via the web gateway.\n* `as_device_from_rwg` - The QoS metrics for screen sharing sent by a user who joined via the web gateway.\n* `as_device_to_rwg` - The QoS metrics for screen sharing received by a user who joined via the web gateway.","example":"audio_input","enum":["audio_input","audio_output","video_input","video_output","as_input","as_output","cpu_usage","audio_device_from_crc","audio_device_to_crc","video_device_from_crc","video_device_to_crc","as_device_from_crc","as_device_to_crc","audio_device_from_rwg","audio_device_to_rwg","video_device_from_rwg","video_device_to_rwg","as_device_from_rwg","as_device_to_rwg"]},"details":{"title":"The detail of Participant QOS Summary","type":"object","properties":{"min_bitrate":{"type":"string","description":"The minimum amount of bitrate, in kbps.","example":"27.15kbps"},"avg_bitrate":{"type":"string","description":"The average amount of bitrate, in kbps.","example":"27.15kbps"},"max_bitrate":{"type":"string","description":"The maximum amount of bitrate, in kbps.","example":"27.15kbps"},"min_latency":{"type":"string","description":"The minimum amount of latency, in milliseconds.","example":"126 ms"},"avg_latency":{"type":"string","description":"The average amount of latency, in milliseconds.","example":"126 ms"},"max_latency":{"type":"string","description":"The maximum amount of latency, in milliseconds.","example":"126 ms"},"min_jitter":{"type":"string","description":"The minimum amount of jitter, in milliseconds.","example":"0ms"},"avg_jitter":{"type":"string","description":"The average amount of jitter, in milliseconds.","example":"0ms"},"max_jitter":{"type":"string","description":"The maximum amount of jitter, in milliseconds.","example":"0ms"},"min_loss":{"type":"string","description":"The minimum amount of packet loss. ","example":"0.03%"},"avg_loss":{"type":"string","description":"The average amount of packet loss.","example":"0.03%"},"max_loss":{"type":"string","description":"The maximum amount of packet loss. ","example":"0.4%"},"resolution":{"type":"string","description":"The number of pixels in each dimension that the video camera can display.","example":"1280*720"},"min_frame_rate":{"type":"string","description":"The minimum amount of frame rate, in fps.","example":"12 fps"},"avg_frame_rate":{"type":"string","description":"The average amount of frame rate, in fps.","example":"12 fps"},"max_frame_rate":{"type":"string","description":"The maximum amount of frame rate, in fps.","example":"12 fps"},"zoom_min_cpu_usage":{"type":"string","description":"Zoom's minimum CPU usage.","example":"0%"},"zoom_avg_cpu_usage":{"type":"string","description":"Zoom's average CPU usage.","example":"0%"},"zoom_max_cpu_usage":{"type":"string","description":"Zoom's maximum CPU usage.","example":"2%"},"system_max_cpu_usage":{"type":"string","description":"The system's maximum CPU usage.","example":"11%"}}}}}}},"description":"Information about the participant and the summary of their quality of service (QoS)."}}}}]}}}},"400":{"description":"**HTTP Status Code:** `400` <br>\n Bad Request \n\n **Error Code:** `12702` <br>\n Can not access a meeting a year ago.<br> <br>\n**Error Code:** `200` <br>\n Event subscription not found. Subscribe to the Webinar Participant QoS Summary event in your Marketplace app to get access to this API. <br>\n"},"404":{"description":"**HTTP Status Code:** `404` <br>\n Not Found \n\n **Error Code:** `3001` <br>\n This meeting's detail info is not available.<br>\nThe Meeting ID is not valid or the meeting has not ended yet. <br>\n"}},"security":[{"openapi_oauth":["dashboard_meetings:read:admin","dashboard:read:admin","dashboard:read:list_meeting_participants_qos:admin"],"openapi_authorization":[]}],"x-extensions":{"x-fixVersion":"docfix-DEVELOPERS-4066-yrg","x-permissions":[],"x-macro-scopes":["dashboard_meetings:read:admin","dashboard:read:admin"],"x-granular-scopes":["dashboard:read:list_meeting_participants_qos:admin"]}}},"/metrics/webinars/{webinarId}/participants/qos_summary":{"get":{"tags":["Dashboards"],"summary":"List webinar participants QoS Summary","description":"Use this API to return a list of webinar participants from live or past webinars and the quality of service they received during the webinar. The data returned indicates the connection quality for sending/receiving video, audio, and shared content. \n\n**Note:** \n\nThis API may return empty values for participants' `user_name` and `email` responses when the account calling this API: \n* Does **not** have a signed HIPAA business associate agreement (BAA). \n* Is a [**legacy** HIPAA BAA account](https://marketplace.zoom.us/docs/api-reference/other-references/legacy-business-associate-agreements). \n* Displays data for any users who are **not** part of the host's account (external users) unless they meet certain conditions. See [Email address display rules](https://marketplace.zoom.us/docs/api-reference/using-zoom-apis#email-address) for details. \n\n**Prerequisites:** \n* A Business, Education, or API Plan with Webinar add-on.\n* Developers must subscribe to the QSS summary event to receive data from this API.\n\n**Scopes:** `dashboard_webinars:read:admin`,`dashboard:read:admin`\n\n**Granular Scopes:** `dashboard:read:list_webinar_participants_qos:admin`\n\n**[Rate Limit Label](https://marketplace.zoom.us/docs/api-reference/rate-limits#rate-limits):** `Heavy`","operationId":"dashboardWebinarParticipantsQOSSummary","parameters":[{"name":"webinarId","in":"path","description":"The webinar's ID or universally unique ID (UUID). \n* If you provide a webinar ID, the API will return a response for the latest webinar instance. \n* If you provide a webinar UUID that begins with a `/` character or contains the `//` characters, you **must** double-encode the webinar UUID before making an API request.","required":true,"schema":{"type":"string","example":"dx0bdThTSkWQHS2a2QL2Ig=="}},{"name":"page_size","in":"query","description":"The number of items returned per page.","required":false,"schema":{"maximum":10,"type":"integer","example":10,"default":1}},{"name":"next_page_token","in":"query","description":"The next page token is used to paginate through large result sets. A next page token will be returned whenever the set of available results exceeds the current page size. The expiration period for this token is 15 minutes.","required":false,"schema":{"type":"string","example":"IAfJX3jsOLW7w3dokmFl84zOa0MAVGyMEB2"}}],"responses":{"200":{"description":"**HTTP Status Code:** `200`  \n \nWebinar qos summary returned.  \n \nThis API is only available for ZMP and Business or higher accounts that have enabled the Dashboard feature.","content":{"application/json":{"schema":{"title":"Participant QOS Summary List","description":"Participant QOS Summary list.","allOf":[{"type":"object","properties":{"next_page_token":{"type":"string","description":"The next page token is used to paginate through large result sets. A next page token will be returned whenever the set of the available result list exceeds the page size. The expiration period is 15 minutes.","example":"uBTK3NzNksdkuCUAQaFVFd86kyOr59zg4U2"},"page_size":{"maximum":300,"type":"integer","description":"The amount of records returns within a single API call. ","example":30,"default":30}},"description":"Pagination object."},{"type":"object","properties":{"participants":{"type":"array","description":"Information about the participant.","items":{"title":"Participant QOS Summary","type":"object","properties":{"id":{"type":"string","description":"The participant's universally unique ID. This value is the same as the participant's user ID if the participant joins the meeting by logging into Zoom. If the participant joins the meeting without logging into Zoom, this returns an empty value.","example":"zJKyaiAyTNC-MWjiWC18KQ"},"participant_id":{"type":"string","description":"The participant's ID. This value is assigned to a participant upon joining a meeting and is only valid for the meeting's duration.","example":"20161536"},"user_name":{"type":"string","description":"The participant's display name.","example":"jchill"},"email":{"type":"string","description":"The participant's email address. If the participant is **not** part of the host's account, this returns an empty string value, with some exceptions. See [Email address display rules](https://marketplace.zoom.us/docs/api-reference/using-zoom-apis#email-address) for details.","format":"email","example":"user@example.com"},"qos":{"type":"array","description":"The summary of participant's quality of service information.","items":{"properties":{"type":{"type":"string","description":"Type of the qos summary: \n* `audio_input` &mdash; The QoS metrics for audio sent by a participant. \n* `audio_output` &mdash; The QoS metrics for audio received by a participant. \n* `video_input` &mdash; The QoS metrics for video input being sent by a participant. \n* `video_output` &mdash; The QoS metrics for video output being sent by a participant. \n* `as_input` &mdash; The QoS metrics for screen sharing by a participant. \n* `as_output` &mdash; The QoS metrics for screen sharing output received by a participant. \n* `cpu_usage` &mdash; The QoS metrics for cpu usage. \n* `audio_device_from_crc` &mdash; The QoS metrics for audio sent by a participant who joined the meeting via a Cloud Room Connector (CRC). \n* `audio_device_to_crc` &mdash; The QoS metrics for audio received by a participant who joined the meeting via CRC.\n* `video_device_from_crc` &mdash; The QoS metrics for video input being sent by a participant who joined the meeting via CRC.  \n* `video_device_to_crc` &mdash; The QoS metrics for video output being sent by a participant who joined the meeting via CRC.\n* `as_device_from_crc` &mdash; The QoS metrics for screen sharing by a participant who joined the meeting via CRC. \n* `as_device_to_crc` &mdash; The QoS metrics for screen sharing output received by a participant who joined the meeting via CRC.","example":"audio_input","enum":["audio_input","audio_output","video_input","video_output","as_input","as_output","cpu_usage","audio_device_from_crc","audio_device_to_crc","video_device_from_crc","video_device_to_crc","as_device_from_crc","as_device_to_crc","audio_device_from_rwg","audio_device_to_rwg","video_device_from_rwg","video_device_to_rwg","as_device_from_rwg","as_device_to_rwg"]},"details":{"title":"The detail of Participant QOS Summary","type":"object","properties":{"min_bitrate":{"type":"string","description":"The minimum amount of bitrate, in kbps.","example":"27.15kbps"},"avg_bitrate":{"type":"string","description":"The average amount of bitrate, in kbps.","example":"27.15kbps"},"max_bitrate":{"type":"string","description":"The maximum amount of bitrate, in kbps.","example":"27.15kbps"},"min_latency":{"type":"string","description":"The minimum amount of latency, in milliseconds.","example":"126 ms"},"avg_latency":{"type":"string","description":"The average amount of latency, in milliseconds.","example":"126 ms"},"max_latency":{"type":"string","description":"The maximum amount of latency, in milliseconds.","example":"126 ms"},"min_jitter":{"type":"string","description":"The minimum amount of jitter, in milliseconds.","example":"0ms"},"avg_jitter":{"type":"string","description":"The average amount of jitter, in milliseconds.","example":"0ms"},"max_jitter":{"type":"string","description":"The maximum amount of jitter, in milliseconds.","example":"0ms"},"min_loss":{"type":"string","description":"The minimum amount of packet loss. ","example":"0.03%"},"avg_loss":{"type":"string","description":"The average amount of packet loss.","example":"0.03%"},"max_loss":{"type":"string","description":"The maximum amount of packet loss. ","example":"0.4%"},"resolution":{"type":"string","description":"The number of pixels in each dimension that the video camera can display.","example":"1280*720"},"min_frame_rate":{"type":"string","description":"The minimum amount of frame rate, in fps.","example":"12 fps"},"avg_frame_rate":{"type":"string","description":"The average amount of frame rate, in fps.","example":"12 fps"},"max_frame_rate":{"type":"string","description":"The maximum amount of frame rate, in fps.","example":"12 fps"},"zoom_min_cpu_usage":{"type":"string","description":"Zoom's minimum CPU usage.","example":"0%"},"zoom_avg_cpu_usage":{"type":"string","description":"Zoom's average CPU usage.","example":"0%"},"zoom_max_cpu_usage":{"type":"string","description":"Zoom's maximum CPU usage.","example":"2%"},"system_max_cpu_usage":{"type":"string","description":"The system's maximum CPU usage.","example":"11%"}}}}}}},"description":"Information about the participant and the summary of their quality of service (QoS)."}}}}]}}}},"400":{"description":"**HTTP Status Code:** `400` <br>\n Bad Request \n\n **Error Code:** `12702` <br>\n Can not access a webinar a year ago.<br> <br>\n**Error Code:** `200` <br>\n Event subscription not found. Subscribe to the Webinar Participant QoS Summary event in your Marketplace app to get access to this API. <br>\n"},"404":{"description":"**HTTP Status Code:** `404` <br>\n Not Found \n\n **Error Code:** `3001` <br>\n This webinar's detail info is not available.<br>\nThe Webinar ID is not valid or the webinar has not ended yet. <br>\n"}},"security":[{"openapi_oauth":["dashboard_webinars:read:admin","dashboard:read:admin","dashboard:read:list_webinar_participants_qos:admin"],"openapi_authorization":[]}],"x-extensions":{"x-fixVersion":"DEVELOPERS-3844-yves0621b","x-macro-scopes":["dashboard_webinars:read:admin","dashboard:read:admin"],"x-granular-scopes":["dashboard:read:list_webinar_participants_qos:admin"]}}},"/videosdk/sessions/{sessionId}/users/qos_summary":{"get":{"tags":["Video SDK Sessions"],"summary":"List session users QoS Summary","description":"Use this API to return a list of users from past sessions and a summary of their quality of service received during the session. The data returned indicates the connection quality for sending and receiving video, audio, and shared content. \n\n**Note:** \n\nThis API may return empty values for users' `name` responses when the account calling this API: \n* Does **not** have a signed HIPAA business associate agreement (BAA). \n* Is a [**legacy** HIPAA BAA account](https://developers.zoom.us/docs/api/rest/other-references/legacy-business-associate-agreements/). \n* Displays data for any users who are **not** part of the host's account (external users) unless they meet certain conditions. \n\n**Prerequisites:** \n* A Business or a higher plan. \n* Developers must subscribe to the QSS summary event to receive data from this API.\n\n**Scopes:** `dashboard_meetings:read:admin`\n\n**[Rate Limit Label](https://marketplace.zoom.us/docs/api-reference/rate-limits#rate-limits):** `HEAVY`","operationId":"sessionUsersQOSSummary","parameters":[{"name":"sessionId","in":"path","description":"The session's ID. If the ID begins with a `/` character or contains `//` characters, you must **double-encode** the ID value.","required":true,"schema":{"type":"string","example":"KkMHZ4y8QhSUWAHi5sWvfg=="}},{"name":"page_size","in":"query","description":"The number of items returned per page.","required":false,"schema":{"maximum":10,"type":"integer","example":10,"default":1}},{"name":"next_page_token","in":"query","description":"The next page token is used to paginate through large result sets. A next page token will be returned whenever the set of available results exceeds the current page size. The expiration period for this token is 15 minutes.","required":false,"schema":{"type":"string","example":"IAfJX3jsOLW7w3dokmFl84zOa0MAVGyMEB2"}}],"responses":{"200":{"description":"**HTTP Status Code:** `200`  \n \nSession users qos summary returned.","content":{"application/json":{"schema":{"title":"User QOS summary List","description":"User QOS summary list.","allOf":[{"type":"object","properties":{"next_page_token":{"type":"string","description":"The next page token is used to paginate through large result sets. A next page token will be returned whenever the set of the available result list exceeds the page size. The expiration period is 15 minutes.","example":"uBTK3NzNksdkuCUAQaFVFd86kyOr59zg4U2"},"page_size":{"maximum":300,"type":"integer","description":"The amount of records returns within a single API call. ","example":30,"default":30}},"description":"Pagination object."},{"type":"object","properties":{"users":{"type":"array","description":"Information about the user.","items":{"title":"User QOS Summary","type":"object","properties":{"id":{"type":"string","description":"The user's universally unique ID. This value is the same as the user's user ID if the user joins the session by logging into Zoom. If the user joins the session without logging into Zoom, this returns an empty value.","example":"zJKyaiAyTNC-MWjiWC18KQ"},"name":{"type":"string","description":"The user's display name.","example":"jchill"},"user_key":{"maxLength":36,"type":"string","description":"Another identifier for the user. Set with the `user_identity` key in the Video SDK JWT payload. Can be a number or characters. Maximum length of 36 characters.","example":"myUserKey"},"qos":{"type":"array","description":"The summary of user's quality of service (QoS) information.","items":{"properties":{"type":{"type":"string","description":"The type of QoS summary: \n* `audio_input` &mdash; The QoS metrics for audio sent by a user. \n* `audio_output` &mdash; The QoS metrics for audio received by a user. \n* `video_input` &mdash; The QoS metrics for video input sent by a user. \n* `video_output` &mdash; The QoS metrics for video output sent by a user. \n* `as_input` &mdash; The QoS metrics for screen sharing sent by a user. \n* `as_output` &mdash; The QoS metrics for screen sharing output received by a user. \n* `cpu_usage` &mdash; The QoS metrics for cpu usage. \n* `audio_device_from_crc` &mdash; The QoS metrics for audio sent by a user who joined the session via a Cloud Room Connector (CRC). \n* `audio_device_to_crc` &mdash; The QoS metrics for audio received by a user who joined the session via CRC.\n* `video_device_from_crc` &mdash; The QoS metrics for video input sent by a user who joined the session via CRC.  \n* `video_device_to_crc` &mdash; The QoS metrics for video output sent by a user who joined the session via CRC.\n* `as_device_from_crc` &mdash; The QoS metrics for screen sharing by a user who joined the session via CRC. \n* `as_device_to_crc` &mdash; The QoS metrics for screen sharing output received by a user who joined the session via CRC.","example":"audio_input","enum":["audio_input","audio_output","video_input","video_output","as_input","as_output","cpu_usage","audio_device_from_crc","audio_device_to_crc","video_device_from_crc","video_device_to_crc","as_device_from_crc","as_device_to_crc"]},"details":{"title":"The user's QOS summary details.","type":"object","properties":{"min_bitrate":{"type":"string","description":"The minimum amount of bitrate, in Kbps.","example":"27.15 Kbps"},"avg_bitrate":{"type":"string","description":"The average amount of bitrate, in Kbps.","example":"27.15 Kbps"},"max_bitrate":{"type":"string","description":"The maximum amount of bitrate, in Kbps.","example":"27.15 Kbps"},"min_latency":{"type":"string","description":"The minimum amount of latency, in milliseconds.","example":"126 ms"},"avg_latency":{"type":"string","description":"The average amount of latency, in milliseconds.","example":"126 ms"},"max_latency":{"type":"string","description":"The maximum amount of latency, in milliseconds.","example":"126 ms"},"min_jitter":{"type":"string","description":"The minimum amount of jitter, in milliseconds.","example":"0 ms"},"avg_jitter":{"type":"string","description":"The average amount of jitter, in milliseconds.","example":"0 ms"},"max_jitter":{"type":"string","description":"The maximum amount of jitter, in milliseconds.","example":"0 ms"},"min_loss":{"type":"string","description":"The minimum amount of packet loss. ","example":"0.03%"},"avg_loss":{"type":"string","description":"The average amount of packet loss.","example":"0.03%"},"max_loss":{"type":"string","description":"The maximum amount of packet loss. ","example":"0.4%"},"resolution":{"type":"string","description":"The number of pixels in each dimension that the video camera can display.","example":"1280*720"},"min_frame_rate":{"type":"string","description":"The minimum amount of frame rate, in fps.","example":"12 fps"},"avg_frame_rate":{"type":"string","description":"The average amount of frame rate, in fps.","example":"12 fps"},"max_frame_rate":{"type":"string","description":"The maximum amount of frame rate, in fps.","example":"12 fps"},"zoom_min_cpu_usage":{"type":"string","description":"Zoom's minimum CPU usage.","example":"0%"},"zoom_avg_cpu_usage":{"type":"string","description":"Zoom's average CPU usage.","example":"0%"},"zoom_max_cpu_usage":{"type":"string","description":"Zoom's maximum CPU usage.","example":"2%"},"system_max_cpu_usage":{"type":"string","description":"The system's maximum CPU usage.","example":"11%"}}}}}}},"description":"Users' information and quality of service (QoS) summaries."}}}}]}}}},"400":{"description":"**HTTP Status Code:** `400` <br>\n Bad Request  \n\n **Error Code:** `12702` <br>\n Can not access a session from a year ago.<br> <br>\n**Error Code:** `200` <br>\n This API is only available for Video SDK accounts. <br>\n"},"404":{"description":"**HTTP Status Code:** `404` <br>\n Not Found  \n\n **Error Code:** `3001` <br>\n This session's detailed information is not available.<br>\nThe Session ID is not valid or the session has not ended yet. <br>\n"}},"security":[{"openapi_oauth":["dashboard_meetings:read:admin"],"openapi_authorization":[]}],"x-extensions":{"x-fixVersion":"docfix-DEVELOPERS-4870yg","x-permissions":[],"x-macro-scopes":["dashboard_meetings:read:admin"]}}}},"components":{"securitySchemes":{"openapi_authorization":{"type":"apiKey","name":"Authorization","in":"header"},"openapi_oauth":{"type":"oauth2","flows":{"authorizationCode":{"authorizationUrl":"/","tokenUrl":"","refreshUrl":"","scopes":{"dashboard_meetings:read:admin":"dashboard_meetings:read:admin","dashboard:read:admin":"dashboard:read:admin","dashboard:read:list_meeting_participants_qos:admin":"dashboard:read:list_meeting_participants_qos:admin","dashboard_webinars:read:admin":"dashboard_webinars:read:admin","dashboard:read:list_webinar_participants_qos:admin":"dashboard:read:list_webinar_participants_qos:admin"}}}}}}}